,Heading,Description,Revewe,URL,price,image
0,"The Complete Digital Marketing Course - 12 Courses in 1
Master Digital Marketing Strategy, Social Media Marketing, SEO, YouTube, Email, Facebook Marketing, Analytics & More!","Master Digital Marketing Strategy, Social Media Marketing, SEO, YouTube, Email, Facebook Marketing, Analytics & More!",178964,https://www.udemy.com/course/learn-digital-marketing-course/,669,https://img-c.udemycdn.com/course/240x135/914296_3670_8.jpg
1,"Ultimate 2025 Google Ads Training: Profit with Pay Per Click
The ultimate Google Ads training with over 218,000 students and 52,000+ reviews. Updated content for 2025!","The ultimate Google Ads training with over 218,000 students and 52,000+ reviews. Updated content for 2025!",53921,https://www.udemy.com/course/the-ultimate-google-adwords-training-course/,669,https://img-c.udemycdn.com/course/240x135/671544_9613_8.jpg
2,"The Complete Digital Marketing Guide - 27 Courses in 1
Digital Marketing, Social Media, ChatGPT, Prompt Engineering, Google Ads, Facebook, SEO, WordPress, Instagram, YouTube.","Digital Marketing, Social Media, ChatGPT, Prompt Engineering, Google Ads, Facebook, SEO, WordPress, Instagram, YouTube.",46521,https://www.udemy.com/course/digital-marketing-guide/,529,https://img-c.udemycdn.com/course/240x135/1659676_128a_19.jpg
3,"Instagram Marketing: Complete Guide To Instagram Growth
Attract Hyper-Targeted Instagram Followers, Convert Followers to Paying Customers, & Expand your Brand Using Instagram","Attract Hyper-Targeted Instagram Followers, Convert Followers to Paying Customers, & Expand your Brand Using Instagram",37226,https://www.udemy.com/course/instagram-marketing-for-small-businesses/,519,https://img-c.udemycdn.com/course/240x135/484606_5721_16.jpg
4,"Facebook Ads & Facebook Marketing MASTERY 2025 | Coursenvy
Facebook Marketing from beginner to advanced! Join 218,000+ students who MASTERED Facebook and are Facebook Ads experts!","Facebook Marketing from beginner to advanced! Join 218,000+ students who MASTERED Facebook and are Facebook Ads experts!",34589,https://www.udemy.com/course/facebook-ads-facebook-marketing-mastery-guide/,669,https://img-c.udemycdn.com/course/240x135/403314_b091_3.jpg
5,"Digital Marketing Masterclass: AI & Social Media Marketing
100s of Digital Marketing Skills: Generative AI Marketing, Social Media Marketing, SEO, Google Ads, Facebook, Email +","100s of Digital Marketing Skills: Generative AI Marketing, Social Media Marketing, SEO, Google Ads, Facebook, Email +",25609,https://www.udemy.com/course/digital-marketing-masterclass/,669,https://img-c.udemycdn.com/course/240x135/1270870_8e95_15.jpg
6,"The Complete Copywriting Course : Write to Sell Like a Pro
Write Effective Sales Copy + Grow Your BusinessCareer // Swipe Timeless Copywriting Formulas, Templates + FREE Tools","Write Effective Sales Copy + Grow Your BusinessCareer // Swipe Timeless Copywriting Formulas, Templates + FREE Tools",25208,https://www.udemy.com/course/the-complete-copywriting-course/,589,https://img-c.udemycdn.com/course/240x135/1575836_367f_13.jpg
7,"Social Media Marketing MASTERY 2025 | Ads on 10+ Platforms
MASTER online marketing on Meta, Pinterest, Instagram, YouTube, Facebook, Google and more ad platforms! Coursenvy","MASTER online marketing on Meta, Pinterest, Instagram, YouTube, Facebook, Google and more ad platforms! Coursenvy",22916,https://www.udemy.com/course/social-media-marketing-ads/,669,https://img-c.udemycdn.com/course/240x135/573984_ce2a_3.jpg
8,"Mega Digital Marketing Course A-Z: 32 Courses in 1 + Updates
Digital Marketing Strategy, Social Media Marketing, WordPress, SEO, ChatGPT, Email, Instagram, Facebook, YouTube, ads","Digital Marketing Strategy, Social Media Marketing, WordPress, SEO, ChatGPT, Email, Instagram, Facebook, YouTube, ads",22196,https://www.udemy.com/course/digital-marketing-strategy-course-wordpress-seo-instagram-facebook/,669,https://img-c.udemycdn.com/course/240x135/1931752_1012_17.jpg
9,"ChatGPT for Marketing, Content, Social Media, and PR
Learn how to leverage ChatGPT to craft emails, press releases, social media descriptions, blog posts, and data analysis.","Learn how to leverage ChatGPT to craft emails, press releases, social media descriptions, blog posts, and data analysis.",19950,https://www.udemy.com/course/chatgpt-marketing-content-socialmedia-pr-emails/,589,https://img-c.udemycdn.com/course/240x135/5127818_abb9_3.jpg
10,"Google Analytics Certification - Get Certified & Earn More
A Step-by-Step Guide to Pass the Google Analytics Certification Exam in One Day. No Experience Required!",A Step-by-Step Guide to Pass the Google Analytics Certification Exam in One Day. No Experience Required!,17717,https://www.udemy.com/course/google-analytics-certification/,599,https://img-c.udemycdn.com/course/240x135/328386_6809_11.jpg
11,"AI SEO Course 2025: From Zero to Page-One Results (AEO, GEO)
Rank #1 on Google, ChatGPT etc., using top 0.1% expert&#x27;s proven blueprint for AEO, GEO and AI SEO. All in just 50 days","Rank #1 on Google, ChatGPT etc., using top 0.1% expert's proven blueprint for AEO, GEO and AI SEO. All in just 50 days",17541,https://www.udemy.com/course/seo-get-to-number1-in-google-search/,669,https://img-c.udemycdn.com/course/240x135/740562_6eb8_17.jpg
12,"SQL for NEWBS: Weekender Crash Course
Data Analysis for Data Scientists, Marketers, & Business/Product folks. Using MySQL but appropriate for all SQL.","Data Analysis for Data Scientists, Marketers, & Business/Product folks. Using MySQL but appropriate for all SQL.",15670,https://www.udemy.com/course/sql-for-newbs/,669,https://img-c.udemycdn.com/course/240x135/203556_5ff1_3.jpg
13,"The Ultimate SEO Training 2025 + SEO For Wordpress Websites
SEO Training From An SEO Agency Owner: Step By Step Process To Rank #1 on Google. Keyword Research, Technical SEO & More","SEO Training From An SEO Agency Owner: Step By Step Process To Rank #1 on Google. Keyword Research, Technical SEO & More",13289,https://www.udemy.com/course/ultimate-seo-training-course/,589,https://img-c.udemycdn.com/course/240x135/2938000_f552_23.jpg
14,"YouTube Masterclass: Your 2025 Guide to YouTube Success
Start + Grow a YouTube Channel | Get More Views + Subscribers | YouTube Video Production + Strategy | Analytics + Growth",Start + Grow a YouTube Channel | Get More Views + Subscribers | YouTube Video Production + Strategy | Analytics + Growth,12651,https://www.udemy.com/course/youtube-masterclass/,519,https://img-c.udemycdn.com/course/240x135/703140_703a_5.jpg
15,"Business Fundamentals: Marketing Strategy
Marketing Strategy Fundamentals: The Art Of Selling Your Products Through Superb Marketing Efforts",Marketing Strategy Fundamentals: The Art Of Selling Your Products Through Superb Marketing Efforts,12166,https://www.udemy.com/course/business-fundamentals-marketing-strategy/,519,https://img-c.udemycdn.com/course/240x135/1333914_3cf4_6.jpg
